Sequence,Lineage,Conflict,Ambiguity_score,Scorpio_call,Scorpio_support,Scorpio conflict,Note,pangolin version,pangoLEARN version
BXCJ95D9Q,B.1.617.2,0,0.999403875,Delta (B.1.617.2-like),0.9231,0,scorpio call: Alt alleles 12; Ref alleles 0; Amb alleles 1; Oth alleles 0,v3.1.11,8/9/21
BXCVHAVJL,AY.12,0,0.999925523,Delta (B.1.617.2-like),0.9231,0,scorpio call: Alt alleles 12; Ref alleles 0; Amb alleles 1; Oth alleles 0,v3.1.11,8/9/21
BXG7AE5LK,AY.4,0,0.987177553,Delta (B.1.617.2-like),0.9231,0,scorpio call: Alt alleles 12; Ref alleles 0; Amb alleles 1; Oth alleles 0,v3.1.11,8/9/21
BXK47JFFF,B.1.617.2,0,0.999925523,Delta (B.1.617.2-like),0.9231,0,scorpio call: Alt alleles 12; Ref alleles 0; Amb alleles 1; Oth alleles 0,v3.1.11,8/9/21
BXTEVT5L6,B.1.617.2,0,0.999888281,Delta (B.1.617.2-like),0.9231,0,scorpio call: Alt alleles 12; Ref alleles 0; Amb alleles 1; Oth alleles 0,v3.1.11,8/9/21
BXV18F4US,B.1.617.2,0,0.999962763,Delta (B.1.617.2-like),0.9231,0,scorpio call: Alt alleles 12; Ref alleles 0; Amb alleles 1; Oth alleles 0,v3.1.11,8/9/21
BXV5WB8QB,B.1.617.2,0,0.999851035,Delta (B.1.617.2-like),0.8462,0,scorpio call: Alt alleles 11; Ref alleles 0; Amb alleles 1; Oth alleles 1,v3.1.11,8/9/21
BX3LBD9VQ,B.1.617.2,0,0.988626949,Delta (B.1.617.2-like),1,0,scorpio call: Alt alleles 13; Ref alleles 0; Amb alleles 0; Oth alleles 0,v3.1.11,8/9/21
BX4PBH55K,AY.3,0,0.974922707,Delta (B.1.617.2-like),0.9231,0,scorpio call: Alt alleles 12; Ref alleles 0; Amb alleles 1; Oth alleles 0,v3.1.11,8/9/21
BX52NR6QL,AY.4,0,0.959190792,Delta (B.1.617.2-like),0.9231,0,scorpio call: Alt alleles 12; Ref alleles 0; Amb alleles 1; Oth alleles 0,v3.1.11,8/9/21
BX5J839H9,B.1.617.2,0,0.947318909,Delta (B.1.617.2-like),0.9231,0,scorpio call: Alt alleles 12; Ref alleles 0; Amb alleles 1; Oth alleles 0,v3.1.11,8/9/21
BX5T5UNLB,AY.4,0,0.943966026,Delta (B.1.617.2-like),0.9231,0,scorpio call: Alt alleles 12; Ref alleles 0; Amb alleles 1; Oth alleles 0,v3.1.11,8/9/21
BX6C4NADR,B.1.617.2,0,0.740574001,Delta (B.1.617.2-like) +K417N,0.5385,0,scorpio call: Alt alleles 7; Ref alleles 0; Amb alleles 6; Oth alleles 0,v3.1.11,8/9/21
BX6C7VFKV,P.1,0,0.992005405,Gamma (P.1-like),0.875,0,scorpio call: Alt alleles 14; Ref alleles 0; Amb alleles 0; Oth alleles 2,v3.1.11,8/9/21
BX6DGRBC4,B.1.617.2,0,0.965684575,Delta (B.1.617.2-like),0.9231,0,scorpio call: Alt alleles 12; Ref alleles 0; Amb alleles 1; Oth alleles 0,v3.1.11,8/9/21
BX6ND6VU6,AY.4,0,0.973080453,Delta (B.1.617.2-like),0.9231,0,scorpio call: Alt alleles 12; Ref alleles 0; Amb alleles 1; Oth alleles 0,v3.1.11,8/9/21
BX783HSWS,AY.4,0,0.923693492,Delta (B.1.617.2-like),0.8462,0,scorpio call: Alt alleles 11; Ref alleles 0; Amb alleles 2; Oth alleles 0,v3.1.11,8/9/21
BX7EJ3N3E,AY.1,0,0.965525211,Delta (B.1.617.2-like) +K417N,1,0,scorpio call: Alt alleles 13; Ref alleles 0; Amb alleles 0; Oth alleles 0,v3.1.11,8/9/21
BX7LHBJ6E,B.1.617.2,0,0.998545699,Delta (B.1.617.2-like),1,0,scorpio call: Alt alleles 13; Ref alleles 0; Amb alleles 0; Oth alleles 0,v3.1.11,8/9/21
BX7PCA2HQ,AY.1,0,0.94458854,Delta (B.1.617.2-like) +K417N,0.8462,0,scorpio call: Alt alleles 11; Ref alleles 0; Amb alleles 2; Oth alleles 0,v3.1.11,8/9/21
BX7R5CNVS,AY.4,0,0.90128053,Delta (B.1.617.2-like),0.7692,0,scorpio call: Alt alleles 10; Ref alleles 0; Amb alleles 3; Oth alleles 0,v3.1.11,8/9/21
BX7WE2VKD,AY.12,0,0.908425802,Delta (B.1.617.2-like),0.8462,0,scorpio call: Alt alleles 11; Ref alleles 0; Amb alleles 2; Oth alleles 0,v3.1.11,8/9/21
BX82KRLBQ,AY.4,0,0.97578277,Delta (B.1.617.2-like),0.9231,0,scorpio call: Alt alleles 12; Ref alleles 0; Amb alleles 1; Oth alleles 0,v3.1.11,8/9/21
BX85AAF4A,B.1.617.2,0,0.747212763,Delta (B.1.617.2-like),0.6154,0,scorpio call: Alt alleles 8; Ref alleles 0; Amb alleles 5; Oth alleles 0,v3.1.11,8/9/21
BX8HTW86J,AY.4,0,0.966281755,Delta (B.1.617.2-like),0.9231,0,scorpio call: Alt alleles 12; Ref alleles 0; Amb alleles 1; Oth alleles 0,v3.1.11,8/9/21
BX95V9PVC,AY.4,0,0.95134713,Delta (B.1.617.2-like),0.9231,0,scorpio call: Alt alleles 12; Ref alleles 0; Amb alleles 1; Oth alleles 0,v3.1.11,8/9/21
BX9BB8SBE,AY.4,0,0.970955629,Delta (B.1.617.2-like),0.9231,0,scorpio call: Alt alleles 12; Ref alleles 0; Amb alleles 1; Oth alleles 0,v3.1.11,8/9/21
BX9D4NGFT,B.1.617.2,0,0.945748606,Delta (B.1.617.2-like),0.9231,0,scorpio call: Alt alleles 12; Ref alleles 0; Amb alleles 1; Oth alleles 0,v3.1.11,8/9/21
BX9LNEA93,AY.12,0,0.587641336,Delta (B.1.617.2-like),0.6154,0,scorpio call: Alt alleles 8; Ref alleles 0; Amb alleles 5; Oth alleles 0,v3.1.11,8/9/21
BXA9BPNHJ,AY.4,0,0.959150453,Delta (B.1.617.2-like),0.8462,0,scorpio call: Alt alleles 11; Ref alleles 0; Amb alleles 1; Oth alleles 1,v3.1.11,8/9/21
BXABUL88E,AY.4,0,0.964288469,Delta (B.1.617.2-like),0.9231,0,scorpio call: Alt alleles 12; Ref alleles 0; Amb alleles 1; Oth alleles 0,v3.1.11,8/9/21
BXAGQC7W6,AY.4,0,0.959674608,Delta (B.1.617.2-like),0.9231,0,scorpio call: Alt alleles 12; Ref alleles 0; Amb alleles 1; Oth alleles 0,v3.1.11,8/9/21
BXBBWBKTB,B.1.617.2,0,0.988741198,Delta (B.1.617.2-like),1,0,scorpio call: Alt alleles 13; Ref alleles 0; Amb alleles 0; Oth alleles 0,v3.1.11,8/9/21
BXBG8B3NF,B.1.617.2,0,0.966202171,Delta (B.1.617.2-like),0.9231,0,scorpio call: Alt alleles 12; Ref alleles 0; Amb alleles 1; Oth alleles 0,v3.1.11,8/9/21
BXBJMH6JA,AY.4,0,0.973433737,Delta (B.1.617.2-like),0.9231,0,scorpio call: Alt alleles 12; Ref alleles 0; Amb alleles 1; Oth alleles 0,v3.1.11,8/9/21
BXBKNE4KW,B.1.617.2,0,0.987253941,Delta (B.1.617.2-like),0.9231,0,scorpio call: Alt alleles 12; Ref alleles 0; Amb alleles 1; Oth alleles 0,v3.1.11,8/9/21
BXBQBVFSV,AY.4,0,0.983766602,Delta (B.1.617.2-like),1,0,scorpio call: Alt alleles 13; Ref alleles 0; Amb alleles 0; Oth alleles 0,v3.1.11,8/9/21
BXC372NA9,B.1.617.2,0,0.98858886,Delta (B.1.617.2-like),1,0,scorpio call: Alt alleles 13; Ref alleles 0; Amb alleles 0; Oth alleles 0,v3.1.11,8/9/21
BXC5P5NQB,AY.11,0,0.968703199,Delta (B.1.617.2-like),0.8462,0,scorpio call: Alt alleles 11; Ref alleles 0; Amb alleles 2; Oth alleles 0,v3.1.11,8/9/21
BXCWKUQMT,B.1.617.2,0,0.963168867,Delta (B.1.617.2-like),0.9231,0,scorpio call: Alt alleles 12; Ref alleles 0; Amb alleles 1; Oth alleles 0,v3.1.11,8/9/21
BXEK9TE3H,AY.1,0,0.91796938,Delta (B.1.617.2-like) +K417N,0.7692,0,scorpio call: Alt alleles 10; Ref alleles 0; Amb alleles 3; Oth alleles 0,v3.1.11,8/9/21
BXEKDB5RL,AY.4,0,0.977926625,Delta (B.1.617.2-like),0.9231,0,scorpio call: Alt alleles 12; Ref alleles 0; Amb alleles 1; Oth alleles 0,v3.1.11,8/9/21
BXER3RLWV,B.1.617.2,0,0.999515702,Delta (B.1.617.2-like),0.9231,0,scorpio call: Alt alleles 12; Ref alleles 0; Amb alleles 1; Oth alleles 0,v3.1.11,8/9/21
BXEUKC2U3,AY.4,0,0.930678877,Delta (B.1.617.2-like),0.9231,0,scorpio call: Alt alleles 12; Ref alleles 0; Amb alleles 1; Oth alleles 0,v3.1.11,8/9/21
BXEV78JPW,B.1.617.2,0,0.988779276,Delta (B.1.617.2-like),1,0,scorpio call: Alt alleles 13; Ref alleles 0; Amb alleles 0; Oth alleles 0,v3.1.11,8/9/21
BXFB6R51Q,AY.4,0,0.97835432,Delta (B.1.617.2-like),0.9231,0,scorpio call: Alt alleles 12; Ref alleles 0; Amb alleles 1; Oth alleles 0,v3.1.11,8/9/21
BXFB95ABG,AY.1,0,0.960439731,Delta (B.1.617.2-like) +K417N,0.9231,0,scorpio call: Alt alleles 12; Ref alleles 0; Amb alleles 1; Oth alleles 0,v3.1.11,8/9/21
BXFNB8GU6,B.1.617.2,0,0.969099075,Delta (B.1.617.2-like),0.9231,0,scorpio call: Alt alleles 12; Ref alleles 0; Amb alleles 1; Oth alleles 0,v3.1.11,8/9/21
BXFUMLKU2,AY.4,0,0.988550768,Delta (B.1.617.2-like),0.9231,0,scorpio call: Alt alleles 12; Ref alleles 0; Amb alleles 1; Oth alleles 0,v3.1.11,8/9/21
BXG3E9U7D,AY.1,0,0.953838962,Delta (B.1.617.2-like) +K417N,0.8462,0,scorpio call: Alt alleles 11; Ref alleles 0; Amb alleles 2; Oth alleles 0,v3.1.11,8/9/21
BXGD58FNA,AY.1,0,0.943716814,Delta (B.1.617.2-like) +K417N,0.7692,0,scorpio call: Alt alleles 10; Ref alleles 0; Amb alleles 3; Oth alleles 0,v3.1.11,8/9/21
BXGNAKMAD,B.1.617.2,0,0.988436476,Delta (B.1.617.2-like),1,0,scorpio call: Alt alleles 13; Ref alleles 0; Amb alleles 0; Oth alleles 0,v3.1.11,8/9/21
BXH2GDHSS,AY.3,0,0.963768955,Delta (B.1.617.2-like),0.8462,0,scorpio call: Alt alleles 11; Ref alleles 0; Amb alleles 2; Oth alleles 0,v3.1.11,8/9/21
BXHB7AMGF,B.1.617.2,0,0.99959024,Delta (B.1.617.2-like),0.9231,0,scorpio call: Alt alleles 12; Ref alleles 0; Amb alleles 1; Oth alleles 0,v3.1.11,8/9/21
BXHCD2H5K,AY.1,0,0.962688297,Delta (B.1.617.2-like) +K417N,1,0,scorpio call: Alt alleles 13; Ref alleles 0; Amb alleles 0; Oth alleles 0,v3.1.11,8/9/21
BXHEF2J8U,B.1.617.2,0,0.988703118,Delta (B.1.617.2-like),1,0,scorpio call: Alt alleles 13; Ref alleles 0; Amb alleles 0; Oth alleles 0,v3.1.11,8/9/21
BXJGURMDE,AY.4,0,0.868649423,Delta (B.1.617.2-like),0.7692,0,scorpio call: Alt alleles 10; Ref alleles 0; Amb alleles 3; Oth alleles 0,v3.1.11,8/9/21
BXK5KPMTD,AY.4,0,0.988398373,Delta (B.1.617.2-like),0.9231,0,scorpio call: Alt alleles 12; Ref alleles 0; Amb alleles 1; Oth alleles 0,v3.1.11,8/9/21
BXKJ6DEBS,AY.4,0,0.964088717,Delta (B.1.617.2-like),0.9231,0,scorpio call: Alt alleles 12; Ref alleles 0; Amb alleles 1; Oth alleles 0,v3.1.11,8/9/21
BXKVVH4CP,B.1.617.2,0,0.999292022,Delta (B.1.617.2-like),1,0,scorpio call: Alt alleles 13; Ref alleles 0; Amb alleles 0; Oth alleles 0,v3.1.11,8/9/21
BXL4SAFNV,B.1.617.2,0,0.795533031,Delta (B.1.617.2-like),0.5385,0,scorpio call: Alt alleles 7; Ref alleles 0; Amb alleles 6; Oth alleles 0,v3.1.11,8/9/21
BXL72FWH7,AY.1,0,0.946327684,Delta (B.1.617.2-like) +K417N,0.8462,0,scorpio call: Alt alleles 11; Ref alleles 0; Amb alleles 2; Oth alleles 0,v3.1.11,8/9/21
BXL8914KS,AY.1,0,0.912712551,Delta (B.1.617.2-like) +K417N,0.7692,0,scorpio call: Alt alleles 10; Ref alleles 0; Amb alleles 3; Oth alleles 0,v3.1.11,8/9/21
BXLGFQ235,AY.12,0,0.890568844,Delta (B.1.617.2-like),0.8462,0,scorpio call: Alt alleles 11; Ref alleles 0; Amb alleles 2; Oth alleles 0,v3.1.11,8/9/21
BXLJ9WHG8,AY.4,0,0.984189424,Delta (B.1.617.2-like),0.9231,0,scorpio call: Alt alleles 12; Ref alleles 0; Amb alleles 1; Oth alleles 0,v3.1.11,8/9/21
BXM6F5A6E,B.1.617.2,0,0.988626949,Delta (B.1.617.2-like),1,0,scorpio call: Alt alleles 13; Ref alleles 0; Amb alleles 0; Oth alleles 0,v3.1.11,8/9/21
BXNVQRKNA,AY.12,0,0.935088624,Delta (B.1.617.2-like),0.9231,0,scorpio call: Alt alleles 12; Ref alleles 0; Amb alleles 1; Oth alleles 0,v3.1.11,8/9/21
BXPNVEDC1,AY.1,0,0.94458854,Delta (B.1.617.2-like) +K417N,0.8462,0,scorpio call: Alt alleles 11; Ref alleles 0; Amb alleles 2; Oth alleles 0,v3.1.11,8/9/21
BXPQWD2A4,B.1.617.2,0,0.95510077,Delta (B.1.617.2-like),0.8462,0,scorpio call: Alt alleles 11; Ref alleles 0; Amb alleles 2; Oth alleles 0,v3.1.11,8/9/21
BXPT92WM8,P.1,0,0.826685307,Gamma (P.1-like),0.6875,0,scorpio call: Alt alleles 11; Ref alleles 0; Amb alleles 3; Oth alleles 2,v3.1.11,8/9/21
BXR4EWP77,AY.4,0,0.872591411,Delta (B.1.617.2-like),0.8462,0,scorpio call: Alt alleles 11; Ref alleles 0; Amb alleles 2; Oth alleles 0,v3.1.11,8/9/21
BXR51TVP7,AY.4,0,0.73547415,Delta (B.1.617.2-like),0.6154,0,scorpio call: Alt alleles 8; Ref alleles 0; Amb alleles 5; Oth alleles 0,v3.1.11,8/9/21
BXRCJGUP6,AY.4,0,0.886290122,Delta (B.1.617.2-like),0.8462,0,scorpio call: Alt alleles 11; Ref alleles 0; Amb alleles 2; Oth alleles 0,v3.1.11,8/9/21
BXRUFE5NL,B.1.621,0,0.840013822,B.1.621-like,0.8519,0,scorpio call: Alt alleles 23; Ref alleles 0; Amb alleles 4; Oth alleles 0,v3.1.11,8/9/21
BXS6WGLBE,AY.4,0,0.943342776,Delta (B.1.617.2-like),0.8462,0,scorpio call: Alt alleles 11; Ref alleles 0; Amb alleles 2; Oth alleles 0,v3.1.11,8/9/21
BXSE2P9HH,AY.11,0,0.965604899,Delta (B.1.617.2-like),0.9231,0,scorpio call: Alt alleles 12; Ref alleles 0; Amb alleles 1; Oth alleles 0,v3.1.11,8/9/21
BXSKR5TL9,B.1.617.2,0,0.988436476,Delta (B.1.617.2-like),1,0,scorpio call: Alt alleles 13; Ref alleles 0; Amb alleles 0; Oth alleles 0,v3.1.11,8/9/21
BXT4SUWW8,AY.7,0,0.825813221,Delta (B.1.617.2-like),0.6154,0,scorpio call: Alt alleles 8; Ref alleles 0; Amb alleles 5; Oth alleles 0,v3.1.11,8/9/21
BXTWGW5SK,AY.4,0,0.941593757,Delta (B.1.617.2-like),0.8462,0,scorpio call: Alt alleles 11; Ref alleles 0; Amb alleles 2; Oth alleles 0,v3.1.11,8/9/21
BXUATFRPE,AY.4,0,0.94255227,Delta (B.1.617.2-like),0.8462,0,scorpio call: Alt alleles 11; Ref alleles 0; Amb alleles 2; Oth alleles 0,v3.1.11,8/9/21
BXUL2CU2U,B.1.617.2,0,0.988779276,Delta (B.1.617.2-like),1,0,scorpio call: Alt alleles 13; Ref alleles 0; Amb alleles 0; Oth alleles 0,v3.1.11,8/9/21
BXV9R4G1A,AY.4,0,0.967593127,Delta (B.1.617.2-like),0.9231,0,scorpio call: Alt alleles 12; Ref alleles 0; Amb alleles 1; Oth alleles 0,v3.1.11,8/9/21
BXVEEBVSF,P.1,0,0.837704492,Gamma (P.1-like),0.6875,0,scorpio call: Alt alleles 11; Ref alleles 0; Amb alleles 3; Oth alleles 2,v3.1.11,8/9/21
BXVFJ32VW,AY.12,0,0.899073543,Delta (B.1.617.2-like),0.8462,0,scorpio call: Alt alleles 11; Ref alleles 0; Amb alleles 2; Oth alleles 0,v3.1.11,8/9/21
BXVRNGU7Q,B.1.617.2,0,0.999552973,Delta (B.1.617.2-like),0.9231,0,scorpio call: Alt alleles 12; Ref alleles 0; Amb alleles 1; Oth alleles 0,v3.1.11,8/9/21
BXWW216RR,B.1.617.2,0,0.929271988,Delta (B.1.617.2-like),0.9231,0,scorpio call: Alt alleles 12; Ref alleles 0; Amb alleles 1; Oth alleles 0,v3.1.11,8/9/21
BX1A3C273,AY.1,0,0.987712024,Delta (B.1.617.2-like) +K417N,1,0,scorpio call: Alt alleles 13; Ref alleles 0; Amb alleles 0; Oth alleles 0,v3.1.11,8/9/21
BX23WKEA9,B.1.617.2,0,0.988512674,Delta (B.1.617.2-like),1,0,scorpio call: Alt alleles 13; Ref alleles 0; Amb alleles 0; Oth alleles 0,v3.1.11,8/9/21
BX2AC22LU,B.1.617.2,0,0.938414104,Delta (B.1.617.2-like),0.9231,0,scorpio call: Alt alleles 12; Ref alleles 0; Amb alleles 1; Oth alleles 0,v3.1.11,8/9/21
BX2KM7MT8,AY.1,0,0.947813822,Delta (B.1.617.2-like) +K417N,0.8462,0,scorpio call: Alt alleles 11; Ref alleles 0; Amb alleles 2; Oth alleles 0,v3.1.11,8/9/21
BX36664WJ,AY.1,0,0.93377799,Delta (B.1.617.2-like) +K417N,0.8462,0,scorpio call: Alt alleles 11; Ref alleles 0; Amb alleles 2; Oth alleles 0,v3.1.11,8/9/21
BX3LAUEPP,AY.4,0,0.988360267,Delta (B.1.617.2-like),0.9231,0,scorpio call: Alt alleles 12; Ref alleles 0; Amb alleles 1; Oth alleles 0,v3.1.11,8/9/21
BXV8M2NWB,B.1.617.2,0,0.996862394,Delta (B.1.617.2-like),1,0,scorpio call: Alt alleles 13; Ref alleles 0; Amb alleles 0; Oth alleles 0,v3.1.11,8/9/21
BXERG1E2F,B.1.617.2,0,0.982573117,Delta (B.1.617.2-like),1,0,scorpio call: Alt alleles 13; Ref alleles 0; Amb alleles 0; Oth alleles 0,v3.1.11,8/9/21
BX6HEB8C2,B.1.617.2,0,0.996637525,Delta (B.1.617.2-like),1,0,scorpio call: Alt alleles 13; Ref alleles 0; Amb alleles 0; Oth alleles 0,v3.1.11,8/9/21
BX5V8PMFS,B.1.617.2,0,0.99667501,Delta (B.1.617.2-like),1,0,scorpio call: Alt alleles 13; Ref alleles 0; Amb alleles 0; Oth alleles 0,v3.1.11,8/9/21
BX92M245M,B.1.617.2,0,0.99667501,Delta (B.1.617.2-like),1,0,scorpio call: Alt alleles 13; Ref alleles 0; Amb alleles 0; Oth alleles 0,v3.1.11,8/9/21
BXG5KJ5P9,B.1.617.2,0,0.99667501,Delta (B.1.617.2-like),1,0,scorpio call: Alt alleles 13; Ref alleles 0; Amb alleles 0; Oth alleles 0,v3.1.11,8/9/21
BXT2E9FCV,AY.1,0,0.996862394,Delta (B.1.617.2-like) +K417N,1,0,scorpio call: Alt alleles 13; Ref alleles 0; Amb alleles 0; Oth alleles 0,v3.1.11,8/9/21
BXDNBJ6DB,AY.1,0,0.633769141,Delta (B.1.617.2-like) +K417N,0.6154,0,scorpio call: Alt alleles 8; Ref alleles 0; Amb alleles 5; Oth alleles 0,v3.1.11,8/9/21
BX84LKLBH,AY.3,0,0.996637525,Delta (B.1.617.2-like),1,0,scorpio call: Alt alleles 13; Ref alleles 0; Amb alleles 0; Oth alleles 0,v3.1.11,8/9/21
BX2RCPB2E,B.1.617.2,0,0.996637525,Delta (B.1.617.2-like),1,0,scorpio call: Alt alleles 13; Ref alleles 0; Amb alleles 0; Oth alleles 0,v3.1.11,8/9/21
BXE2GUM7L,B.1.617.2,0,0.996824922,Delta (B.1.617.2-like),1,0,scorpio call: Alt alleles 13; Ref alleles 0; Amb alleles 0; Oth alleles 0,v3.1.11,8/9/21
BXN9RBC68,B.1.617.2,0,0.991664789,Delta (B.1.617.2-like),1,0,scorpio call: Alt alleles 13; Ref alleles 0; Amb alleles 0; Oth alleles 0,v3.1.11,8/9/21
BX7QU5HCS,B.1.617.2,0,0.987673866,Delta (B.1.617.2-like),1,0,scorpio call: Alt alleles 13; Ref alleles 0; Amb alleles 0; Oth alleles 0,v3.1.11,8/9/21
BXQ2HUHWN,B.1.617.2,0,0.993855837,Delta (B.1.617.2-like),1,0,scorpio call: Alt alleles 13; Ref alleles 0; Amb alleles 0; Oth alleles 0,v3.1.11,8/9/21
BXR8L6M9N,B.1.617.2,0,0.981878838,Delta (B.1.617.2-like),1,0,scorpio call: Alt alleles 13; Ref alleles 0; Amb alleles 0; Oth alleles 0,v3.1.11,8/9/21
BXG86QE4G,B.1.617.2,0,0.99667501,Delta (B.1.617.2-like),1,0,scorpio call: Alt alleles 13; Ref alleles 0; Amb alleles 0; Oth alleles 0,v3.1.11,8/9/21
BXK6D41AT,B.1.617.2,0,0.993403298,Delta (B.1.617.2-like),1,0,scorpio call: Alt alleles 13; Ref alleles 0; Amb alleles 0; Oth alleles 0,v3.1.11,8/9/21
BXQ2AVRAR,B.1.617.2,0,0.967910534,Delta (B.1.617.2-like),1,0,scorpio call: Alt alleles 13; Ref alleles 0; Amb alleles 0; Oth alleles 0,v3.1.11,8/9/21
BX9RDLAK2,B.1.617.2,0,0.996862394,Delta (B.1.617.2-like),1,0,scorpio call: Alt alleles 13; Ref alleles 0; Amb alleles 0; Oth alleles 0,v3.1.11,8/9/21
BXP9JLKPB,AY.1,0,0.993818141,Delta (B.1.617.2-like) +K417N,1,0,scorpio call: Alt alleles 13; Ref alleles 0; Amb alleles 0; Oth alleles 0,v3.1.11,8/9/21
BXV9VBTDV,B.1.617.2,0,0.996824922,Delta (B.1.617.2-like),1,0,scorpio call: Alt alleles 13; Ref alleles 0; Amb alleles 0; Oth alleles 0,v3.1.11,8/9/21
BXSAKABQH,B.1.617.2,0,0.996225005,Delta (B.1.617.2-like),1,0,scorpio call: Alt alleles 13; Ref alleles 0; Amb alleles 0; Oth alleles 0,v3.1.11,8/9/21
BXGWTUWEA,B.1.617.2,0,0.996749972,Delta (B.1.617.2-like),1,0,scorpio call: Alt alleles 13; Ref alleles 0; Amb alleles 0; Oth alleles 0,v3.1.11,8/9/21
BX76G6359,AY.2,0,0.722420437,Delta (B.1.617.2-like) +K417N,0.9231,0,scorpio call: Alt alleles 12; Ref alleles 0; Amb alleles 1; Oth alleles 0,v3.1.11,8/9/21
BXN64T823,AY.3,0,0.990110179,Delta (B.1.617.2-like),1,0,scorpio call: Alt alleles 13; Ref alleles 0; Amb alleles 0; Oth alleles 0,v3.1.11,8/9/21
BX7BPJ2AF,B.1.617.2,0,0.988207814,Delta (B.1.617.2-like),1,0,scorpio call: Alt alleles 13; Ref alleles 0; Amb alleles 0; Oth alleles 0,v3.1.11,8/9/21
BXBQ6B4HP,B.1.617.2,0,0.996787449,Delta (B.1.617.2-like),1,0,scorpio call: Alt alleles 13; Ref alleles 0; Amb alleles 0; Oth alleles 0,v3.1.11,8/9/21
BX2113DKJ,AY.3,0,0.994383285,Delta (B.1.617.2-like),1,0,scorpio call: Alt alleles 13; Ref alleles 0; Amb alleles 0; Oth alleles 0,v3.1.11,8/9/21
BX6F574DD,B.1.617.2,0,0.99667501,Delta (B.1.617.2-like),1,0,scorpio call: Alt alleles 13; Ref alleles 0; Amb alleles 0; Oth alleles 0,v3.1.11,8/9/21
BX17VEA8K,B.1.617.2,0,0.99667501,Delta (B.1.617.2-like),1,0,scorpio call: Alt alleles 13; Ref alleles 0; Amb alleles 0; Oth alleles 0,v3.1.11,8/9/21
BX9WAJAQB,B.1.617.2,0,0.996412556,Delta (B.1.617.2-like),1,0,scorpio call: Alt alleles 13; Ref alleles 0; Amb alleles 0; Oth alleles 0,v3.1.11,8/9/21
BX7ASU3QU,AY.3,0,0.996787449,Delta (B.1.617.2-like),1,0,scorpio call: Alt alleles 13; Ref alleles 0; Amb alleles 0; Oth alleles 0,v3.1.11,8/9/21
BXU6SBH94,AY.1,0,0.99667501,Delta (B.1.617.2-like) +K417N,1,0,scorpio call: Alt alleles 13; Ref alleles 0; Amb alleles 0; Oth alleles 0,v3.1.11,8/9/21
BX3VQMV7L,B.1.617.2,0,0.996824922,Delta (B.1.617.2-like),1,0,scorpio call: Alt alleles 13; Ref alleles 0; Amb alleles 0; Oth alleles 0,v3.1.11,8/9/21
BXW5W6G7D,B.1.617.2,0,0.993855837,Delta (B.1.617.2-like),1,0,scorpio call: Alt alleles 13; Ref alleles 0; Amb alleles 0; Oth alleles 0,v3.1.11,8/9/21
BXF4VMQJU,B.1.617.2,0,0.996824922,Delta (B.1.617.2-like),1,0,scorpio call: Alt alleles 13; Ref alleles 0; Amb alleles 0; Oth alleles 0,v3.1.11,8/9/21
BXHW1MKJD,B.1.617.2,0,0.996862394,Delta (B.1.617.2-like),1,0,scorpio call: Alt alleles 13; Ref alleles 0; Amb alleles 0; Oth alleles 0,v3.1.11,8/9/21
BXBGD96LJ,AY.2,0,0.808200941,Delta (B.1.617.2-like) +K417N,0.8462,0,scorpio call: Alt alleles 11; Ref alleles 0; Amb alleles 2; Oth alleles 0,v3.1.11,8/9/21
BXAG92JLF,B.1.617.2,0,0.996637525,Delta (B.1.617.2-like),1,0,scorpio call: Alt alleles 13; Ref alleles 0; Amb alleles 0; Oth alleles 0,v3.1.11,8/9/21
BX94FBU6S,AY.3,0,0.899795166,Delta (B.1.617.2-like),1,0,scorpio call: Alt alleles 13; Ref alleles 0; Amb alleles 0; Oth alleles 0,v3.1.11,8/9/21
BXA2N9M2U,B.1.617.2,0,0.996787449,Delta (B.1.617.2-like),1,0,scorpio call: Alt alleles 13; Ref alleles 0; Amb alleles 0; Oth alleles 0,v3.1.11,8/9/21
BX5RMKEMU,B.1.617.2,0,0.996450058,Delta (B.1.617.2-like),1,0,scorpio call: Alt alleles 13; Ref alleles 0; Amb alleles 0; Oth alleles 0,v3.1.11,8/9/21
BXSB8QP4M,B.1.617.2,0,0.996749972,Delta (B.1.617.2-like),1,0,scorpio call: Alt alleles 13; Ref alleles 0; Amb alleles 0; Oth alleles 0,v3.1.11,8/9/21
BXR4BUGRK,B.1.617.2,0,0.993327836,Delta (B.1.617.2-like),1,0,scorpio call: Alt alleles 13; Ref alleles 0; Amb alleles 0; Oth alleles 0,v3.1.11,8/9/21
BXWWH6EMV,B.1.617.2,0,0.996787449,Delta (B.1.617.2-like),1,0,scorpio call: Alt alleles 13; Ref alleles 0; Amb alleles 0; Oth alleles 0,v3.1.11,8/9/21
BXR1RMDHG,B.1.617.2,0,0.996375051,Delta (B.1.617.2-like),1,0,scorpio call: Alt alleles 13; Ref alleles 0; Amb alleles 0; Oth alleles 0,v3.1.11,8/9/21
BX333NTED,B.1.617.2,0,0.993855837,Delta (B.1.617.2-like),1,0,scorpio call: Alt alleles 13; Ref alleles 0; Amb alleles 0; Oth alleles 0,v3.1.11,8/9/21
BX8LCD5SQ,B.1.617.2,0,0.98813157,Delta (B.1.617.2-like),0.9231,0,scorpio call: Alt alleles 12; Ref alleles 0; Amb alleles 0; Oth alleles 1,v3.1.11,8/9/21
BXVV638VM,B.1.617.2,0,0.99667501,Delta (B.1.617.2-like),1,0,scorpio call: Alt alleles 13; Ref alleles 0; Amb alleles 0; Oth alleles 0,v3.1.11,8/9/21
BX1HH6LD1,AY.3,0,0.950445521,Delta (B.1.617.2-like),1,0,scorpio call: Alt alleles 13; Ref alleles 0; Amb alleles 0; Oth alleles 0,v3.1.11,8/9/21
BXPP8U5TU,B.1.617.2,0,0.996899862,Delta (B.1.617.2-like),1,0,scorpio call: Alt alleles 13; Ref alleles 0; Amb alleles 0; Oth alleles 0,v3.1.11,8/9/21
BXTQMPB21,AY.2,0,0.957493886,Delta (B.1.617.2-like) +K417N,0.9231,0,scorpio call: Alt alleles 12; Ref alleles 0; Amb alleles 1; Oth alleles 0,v3.1.11,8/9/21
BX3QHL6EL,B.1.617.2,0,0.99667501,Delta (B.1.617.2-like),1,0,scorpio call: Alt alleles 13; Ref alleles 0; Amb alleles 0; Oth alleles 0,v3.1.11,8/9/21
BXP1DNN16,B.1.617.2,0,0.966480662,Delta (B.1.617.2-like),1,0,scorpio call: Alt alleles 13; Ref alleles 0; Amb alleles 0; Oth alleles 0,v3.1.11,8/9/21
BX3A8EE5V,B.1.617.2,0,0.996862394,Delta (B.1.617.2-like),1,0,scorpio call: Alt alleles 13; Ref alleles 0; Amb alleles 0; Oth alleles 0,v3.1.11,8/9/21
BXLPAS12F,B.1.617.2,0,0.990413894,Delta (B.1.617.2-like),1,0,scorpio call: Alt alleles 13; Ref alleles 0; Amb alleles 0; Oth alleles 0,v3.1.11,8/9/21
BXFSAPWVP,AY.1,0,0.996937327,Delta (B.1.617.2-like) +K417N,1,0,scorpio call: Alt alleles 13; Ref alleles 0; Amb alleles 0; Oth alleles 0,v3.1.11,8/9/21
BX1G9164N,B.1.617.2,0,0.991589066,Delta (B.1.617.2-like),1,0,scorpio call: Alt alleles 13; Ref alleles 0; Amb alleles 0; Oth alleles 0,v3.1.11,8/9/21
BX2PVWFL7,B.1.617.2,0,0.99667501,Delta (B.1.617.2-like),1,0,scorpio call: Alt alleles 13; Ref alleles 0; Amb alleles 0; Oth alleles 0,v3.1.11,8/9/21
BXVV5QV8J,P.1.1,0,0.963248919,Gamma (P.1-like),0.875,0,scorpio call: Alt alleles 14; Ref alleles 0; Amb alleles 0; Oth alleles 2,v3.1.11,8/9/21
BXPGB98KK,B.1.617.2,0,0.99667501,Delta (B.1.617.2-like),1,0,scorpio call: Alt alleles 13; Ref alleles 0; Amb alleles 0; Oth alleles 0,v3.1.11,8/9/21
BXPQM73NQ,AY.3,0,0.982842859,Delta (B.1.617.2-like),1,0,scorpio call: Alt alleles 13; Ref alleles 0; Amb alleles 0; Oth alleles 0,v3.1.11,8/9/21
BXDUL5GP4,AY.3,0,0.960238492,Delta (B.1.617.2-like),1,0,scorpio call: Alt alleles 13; Ref alleles 0; Amb alleles 0; Oth alleles 0,v3.1.11,8/9/21
BXSCS8L8Q,B.1.617.2,0,0.9915512,Delta (B.1.617.2-like),1,0,scorpio call: Alt alleles 13; Ref alleles 0; Amb alleles 0; Oth alleles 0,v3.1.11,8/9/21
BXTRQLUQB,B.1.617.2,0,0.99551167,Delta (B.1.617.2-like),1,0,scorpio call: Alt alleles 13; Ref alleles 0; Amb alleles 0; Oth alleles 0,v3.1.11,8/9/21
BXNFQ1RKP,B.1.617.2,0,0.88327997,Delta (B.1.617.2-like),0.9231,0,scorpio call: Alt alleles 12; Ref alleles 0; Amb alleles 1; Oth alleles 0,v3.1.11,8/9/21
BX5ARTUK7,AY.1,0,0.980990324,Delta (B.1.617.2-like) +K417N,0.9231,0,scorpio call: Alt alleles 12; Ref alleles 0; Amb alleles 1; Oth alleles 0,v3.1.11,8/9/21
BXKGST69F,B.1.617.2,0,0.996862394,Delta (B.1.617.2-like),1,0,scorpio call: Alt alleles 13; Ref alleles 0; Amb alleles 0; Oth alleles 0,v3.1.11,8/9/21
BXJ13KRMG,B.1.617.2,0,0.996824922,Delta (B.1.617.2-like),1,0,scorpio call: Alt alleles 13; Ref alleles 0; Amb alleles 0; Oth alleles 0,v3.1.11,8/9/21
BXQAL6U1B,B.1.617.2,0,0.76643241,Delta (B.1.617.2-like),0.7692,0,scorpio call: Alt alleles 10; Ref alleles 0; Amb alleles 3; Oth alleles 0,v3.1.11,8/9/21
BXMULKFV6,AY.2,0,0.946244997,Delta (B.1.617.2-like) +K417N,1,0,scorpio call: Alt alleles 13; Ref alleles 0; Amb alleles 0; Oth alleles 0,v3.1.11,8/9/21
BX4CN57FV,B.1.617.2,0,0.973904405,Delta (B.1.617.2-like),1,0,scorpio call: Alt alleles 13; Ref alleles 0; Amb alleles 0; Oth alleles 0,v3.1.11,8/9/21
BX5JDU91Q,B.1.617.2,0,0.945417419,Delta (B.1.617.2-like),0.9231,0,scorpio call: Alt alleles 12; Ref alleles 0; Amb alleles 1; Oth alleles 0,v3.1.11,8/9/21
BX8WMSVAH,B.1.617.2,0,0.960439731,Delta (B.1.617.2-like),0.9231,0,scorpio call: Alt alleles 12; Ref alleles 0; Amb alleles 1; Oth alleles 0,v3.1.11,8/9/21
BXS493Q6J,AY.1,0,0.981028988,Delta (B.1.617.2-like) +K417N,1,0,scorpio call: Alt alleles 13; Ref alleles 0; Amb alleles 0; Oth alleles 0,v3.1.11,8/9/21
BXNRDKDBA,B.1.617.2,0,0.996562547,Delta (B.1.617.2-like),1,0,scorpio call: Alt alleles 13; Ref alleles 0; Amb alleles 0; Oth alleles 0,v3.1.11,8/9/21
BXA1WU763,B.1.617.2,0,0.952369807,Delta (B.1.617.2-like),0.9231,0,scorpio call: Alt alleles 12; Ref alleles 0; Amb alleles 1; Oth alleles 0,v3.1.11,8/9/21
BXNE6JV8Q,AY.2,0,0.9119637,Delta (B.1.617.2-like) +K417N,0.9231,0,scorpio call: Alt alleles 12; Ref alleles 0; Amb alleles 1; Oth alleles 0,v3.1.11,8/9/21
BX7RJVKD8,B.1.617.2,0,0.99667501,Delta (B.1.617.2-like),1,0,scorpio call: Alt alleles 13; Ref alleles 0; Amb alleles 0; Oth alleles 0,v3.1.11,8/9/21
BX25DSKRJ,B.1.617.2,0,0.996824922,Delta (B.1.617.2-like),1,0,scorpio call: Alt alleles 13; Ref alleles 0; Amb alleles 0; Oth alleles 0,v3.1.11,8/9/21
BX4K2S5LT,B.1.617.2,0,0.99727439,Delta (B.1.617.2-like),1,0,scorpio call: Alt alleles 13; Ref alleles 0; Amb alleles 0; Oth alleles 0,v3.1.11,8/9/21
BXB5N436E,B.1.617.2,0,0.996787449,Delta (B.1.617.2-like),1,0,scorpio call: Alt alleles 13; Ref alleles 0; Amb alleles 0; Oth alleles 0,v3.1.11,8/9/21
BXLERSB3V,B.1.617.2,0,0.994834943,Delta (B.1.617.2-like),1,0,scorpio call: Alt alleles 13; Ref alleles 0; Amb alleles 0; Oth alleles 0,v3.1.11,8/9/21
BXSAC4B74,B.1.617.2,0,0.981415459,Delta (B.1.617.2-like),1,0,scorpio call: Alt alleles 13; Ref alleles 0; Amb alleles 0; Oth alleles 0,v3.1.11,8/9/21
BX4CV4V2J,B.1.617.2,0,0.996862394,Delta (B.1.617.2-like),1,0,scorpio call: Alt alleles 13; Ref alleles 0; Amb alleles 0; Oth alleles 0,v3.1.11,8/9/21
BXUR5CS1M,B.1.617.2,0,0.996824922,Delta (B.1.617.2-like),1,0,scorpio call: Alt alleles 13; Ref alleles 0; Amb alleles 0; Oth alleles 0,v3.1.11,8/9/21
BXHFRCFFC,B.1.617.2,0,0.968307019,Delta (B.1.617.2-like),1,0,scorpio call: Alt alleles 13; Ref alleles 0; Amb alleles 0; Oth alleles 0,v3.1.11,8/9/21
BXVLWKQPT,AY.3,0,0.995436523,Delta (B.1.617.2-like),1,0,scorpio call: Alt alleles 13; Ref alleles 0; Amb alleles 0; Oth alleles 0,v3.1.11,8/9/21
BXBENV8SL,B.1.617.2,0,0.993403298,Delta (B.1.617.2-like),1,0,scorpio call: Alt alleles 13; Ref alleles 0; Amb alleles 0; Oth alleles 0,v3.1.11,8/9/21
BX4K41AM3,P.1.1,0,0.927261833,Gamma (P.1-like),0.875,0,scorpio call: Alt alleles 14; Ref alleles 0; Amb alleles 0; Oth alleles 2,v3.1.11,8/9/21
BXT6G53PR,B.1.617.2,0,0.603141579,Delta (B.1.617.2-like),0.5385,0,scorpio call: Alt alleles 7; Ref alleles 0; Amb alleles 6; Oth alleles 0,v3.1.11,8/9/21
BX3D5GDF4,B.1.617.2,0,0.996862394,Delta (B.1.617.2-like),1,0,scorpio call: Alt alleles 13; Ref alleles 0; Amb alleles 0; Oth alleles 0,v3.1.11,8/9/21
BXTBBLSEW,B.1.617.2,0,0.993968908,Delta (B.1.617.2-like),1,0,scorpio call: Alt alleles 13; Ref alleles 0; Amb alleles 0; Oth alleles 0,v3.1.11,8/9/21
BXLBJT1NJ,B.1.617.2,0,0.996749972,Delta (B.1.617.2-like),1,0,scorpio call: Alt alleles 13; Ref alleles 0; Amb alleles 0; Oth alleles 0,v3.1.11,8/9/21
BX4W27M75,AY.12,0,0.935088624,Delta (B.1.617.2-like),1,0,scorpio call: Alt alleles 13; Ref alleles 0; Amb alleles 0; Oth alleles 0,v3.1.11,8/9/21
BXWBMW8JU,AY.1,0,0.999366593,Delta (B.1.617.2-like) +K417N,1,0,scorpio call: Alt alleles 13; Ref alleles 0; Amb alleles 0; Oth alleles 0,v3.1.11,8/9/21
BXUJBBRV5,B.1.617.2,0,0.993818141,Delta (B.1.617.2-like),1,0,scorpio call: Alt alleles 13; Ref alleles 0; Amb alleles 0; Oth alleles 0,v3.1.11,8/9/21
BXCHMQ4HG,B.1.617.2,0,0.99667501,Delta (B.1.617.2-like),1,0,scorpio call: Alt alleles 13; Ref alleles 0; Amb alleles 0; Oth alleles 0,v3.1.11,8/9/21
BXV8LTLVC,B.1.617.2,0,0.994420938,Delta (B.1.617.2-like),1,0,scorpio call: Alt alleles 13; Ref alleles 0; Amb alleles 0; Oth alleles 0,v3.1.11,8/9/21
BXM4LLSU2,B.1.617.2,0,0.992685946,Delta (B.1.617.2-like),1,0,scorpio call: Alt alleles 13; Ref alleles 0; Amb alleles 0; Oth alleles 0,v3.1.11,8/9/21
BX3LBCRT7,B.1.617.2,0,0.991740502,Delta (B.1.617.2-like),1,0,scorpio call: Alt alleles 13; Ref alleles 0; Amb alleles 0; Oth alleles 0,v3.1.11,8/9/21
BX1QL85JC,AY.1,0,0.996824922,Delta (B.1.617.2-like) +K417N,1,0,scorpio call: Alt alleles 13; Ref alleles 0; Amb alleles 0; Oth alleles 0,v3.1.11,8/9/21
BXJF898G3,AY.1,0,0.997985225,Delta (B.1.617.2-like) +K417N,1,0,scorpio call: Alt alleles 13; Ref alleles 0; Amb alleles 0; Oth alleles 0,v3.1.11,8/9/21
BXEDT9FGQ,B.1.617.2,0,0.996862394,Delta (B.1.617.2-like),1,0,scorpio call: Alt alleles 13; Ref alleles 0; Amb alleles 0; Oth alleles 0,v3.1.11,8/9/21
BXM1R3S8B,B.1.617.2,0,0.996862394,Delta (B.1.617.2-like),1,0,scorpio call: Alt alleles 13; Ref alleles 0; Amb alleles 0; Oth alleles 0,v3.1.11,8/9/21
BXCV5D4SW,B.1.617.2,0,0.996749972,Delta (B.1.617.2-like),1,0,scorpio call: Alt alleles 13; Ref alleles 0; Amb alleles 0; Oth alleles 0,v3.1.11,8/9/21
BXKUDPSAF,AY.2,0,0.634047098,Delta (B.1.617.2-like) +K417N,0.8462,0,scorpio call: Alt alleles 11; Ref alleles 0; Amb alleles 2; Oth alleles 0,v3.1.11,8/9/21
BXM5QQL9Q,AY.1,0,0.996600037,Delta (B.1.617.2-like) +K417N,1,0,scorpio call: Alt alleles 13; Ref alleles 0; Amb alleles 0; Oth alleles 0,v3.1.11,8/9/21
BXMSU2ETF,B.1.617.2,0,0.919797281,Delta (B.1.617.2-like),0.9231,0,scorpio call: Alt alleles 12; Ref alleles 0; Amb alleles 1; Oth alleles 0,v3.1.11,8/9/21
BXQNW11FP,P.1,0,0.999329309,Gamma (P.1-like),0.875,0,scorpio call: Alt alleles 14; Ref alleles 0; Amb alleles 0; Oth alleles 2,v3.1.11,8/9/21
BXG9G87B2,B.1.617.2,0,0.996824922,Delta (B.1.617.2-like),1,0,scorpio call: Alt alleles 13; Ref alleles 0; Amb alleles 0; Oth alleles 0,v3.1.11,8/9/21
BXQQEPSMP,B.1.617.2,0,0.982650201,Delta (B.1.617.2-like),1,0,scorpio call: Alt alleles 13; Ref alleles 0; Amb alleles 0; Oth alleles 0,v3.1.11,8/9/21
BXJ8WGVB3,B.1.617.2,0,0.996637525,Delta (B.1.617.2-like),1,0,scorpio call: Alt alleles 13; Ref alleles 0; Amb alleles 0; Oth alleles 0,v3.1.11,8/9/21
BXUHV46LD,AY.1,0,0.996749972,Delta (B.1.617.2-like) +K417N,1,0,scorpio call: Alt alleles 13; Ref alleles 0; Amb alleles 0; Oth alleles 0,v3.1.11,8/9/21
BXKRND77T,B.1.617.2,0,0.950035186,Delta (B.1.617.2-like),0.9231,0,scorpio call: Alt alleles 12; Ref alleles 0; Amb alleles 1; Oth alleles 0,v3.1.11,8/9/21
BXRFBTM3G,AY.1,0,0.99667501,Delta (B.1.617.2-like) +K417N,1,0,scorpio call: Alt alleles 13; Ref alleles 0; Amb alleles 0; Oth alleles 0,v3.1.11,8/9/21
BXRSCDULQ,B.1.617.2,0,0.996862394,Delta (B.1.617.2-like),1,0,scorpio call: Alt alleles 13; Ref alleles 0; Amb alleles 0; Oth alleles 0,v3.1.11,8/9/21
BXEN41HMD,B.1.617.2,0,0.988093444,Delta (B.1.617.2-like),1,0,scorpio call: Alt alleles 13; Ref alleles 0; Amb alleles 0; Oth alleles 0,v3.1.11,8/9/21
BXFW5PVD4,B.1.617.2,0,0.996787449,Delta (B.1.617.2-like),1,0,scorpio call: Alt alleles 13; Ref alleles 0; Amb alleles 0; Oth alleles 0,v3.1.11,8/9/21
BXR5MP454,B.1.617.2,0,0.984227845,Delta (B.1.617.2-like),1,0,scorpio call: Alt alleles 13; Ref alleles 0; Amb alleles 0; Oth alleles 0,v3.1.11,8/9/21
BXNLG1AFQ,B.1.617.2,0,0.9915512,Delta (B.1.617.2-like),1,0,scorpio call: Alt alleles 13; Ref alleles 0; Amb alleles 0; Oth alleles 0,v3.1.11,8/9/21
BX9ET48UU,B.1.617.2,0,0.985570749,Delta (B.1.617.2-like),1,0,scorpio call: Alt alleles 13; Ref alleles 0; Amb alleles 0; Oth alleles 0,v3.1.11,8/9/21
BX2SHBL8S,B.1.617.2,0,0.97410039,Delta (B.1.617.2-like),1,0,scorpio call: Alt alleles 13; Ref alleles 0; Amb alleles 0; Oth alleles 0,v3.1.11,8/9/21
BX1AU4J8N,B.1.617.2,0,0.996862394,Delta (B.1.617.2-like),1,0,scorpio call: Alt alleles 13; Ref alleles 0; Amb alleles 0; Oth alleles 0,v3.1.11,8/9/21
BX2KU7VBJ,B.1.617.2,0,0.99667501,Delta (B.1.617.2-like),1,0,scorpio call: Alt alleles 13; Ref alleles 0; Amb alleles 0; Oth alleles 0,v3.1.11,8/9/21
BX4CRU5J4,B.1.617.2,0,0.993818141,Delta (B.1.617.2-like),1,0,scorpio call: Alt alleles 13; Ref alleles 0; Amb alleles 0; Oth alleles 0,v3.1.11,8/9/21
BXUK1D2VJ,AY.3,0,0.941176471,Delta (B.1.617.2-like),0.9231,0,scorpio call: Alt alleles 12; Ref alleles 0; Amb alleles 1; Oth alleles 0,v3.1.11,8/9/21
BX5P54VTU,B.1.617.2,0,0.996637525,Delta (B.1.617.2-like),1,0,scorpio call: Alt alleles 13; Ref alleles 0; Amb alleles 0; Oth alleles 0,v3.1.11,8/9/21
BXREFSHWC,B.1.617.2,0,0.996637525,Delta (B.1.617.2-like),1,0,scorpio call: Alt alleles 13; Ref alleles 0; Amb alleles 0; Oth alleles 0,v3.1.11,8/9/21
BXECS2TGA,B.1.617.2,0,0.996862394,Delta (B.1.617.2-like),1,0,scorpio call: Alt alleles 13; Ref alleles 0; Amb alleles 0; Oth alleles 0,v3.1.11,8/9/21
BXUEQGRRM,B.1.617.2,0,0.99667501,Delta (B.1.617.2-like),1,0,scorpio call: Alt alleles 13; Ref alleles 0; Amb alleles 0; Oth alleles 0,v3.1.11,8/9/21
BX4G2FGPG,B.1.617.2,0,0.996487557,Delta (B.1.617.2-like),1,0,scorpio call: Alt alleles 13; Ref alleles 0; Amb alleles 0; Oth alleles 0,v3.1.11,8/9/21
BXDH4E8V7,B.1.617.2,0,0.9932901,Delta (B.1.617.2-like),1,0,scorpio call: Alt alleles 13; Ref alleles 0; Amb alleles 0; Oth alleles 0,v3.1.11,8/9/21
BX22GTVQ8,B.1.617.2,0,0.993855837,Delta (B.1.617.2-like),1,0,scorpio call: Alt alleles 13; Ref alleles 0; Amb alleles 0; Oth alleles 0,v3.1.11,8/9/21
BX4S9EQ6P,B.1.617.2,0,0.996300034,Delta (B.1.617.2-like),1,0,scorpio call: Alt alleles 13; Ref alleles 0; Amb alleles 0; Oth alleles 0,v3.1.11,8/9/21
BX6GBMLL1,B.1.617.2,0,0.989045737,Delta (B.1.617.2-like),1,0,scorpio call: Alt alleles 13; Ref alleles 0; Amb alleles 0; Oth alleles 0,v3.1.11,8/9/21
BXN31U7SV,B.1.617.2,0,0.996749972,Delta (B.1.617.2-like),1,0,scorpio call: Alt alleles 13; Ref alleles 0; Amb alleles 0; Oth alleles 0,v3.1.11,8/9/21
BX1W5WKC1,AY.3,0,0.989578238,Delta (B.1.617.2-like),1,0,scorpio call: Alt alleles 13; Ref alleles 0; Amb alleles 0; Oth alleles 0,v3.1.11,8/9/21
BX3FA5UCN,AY.3,0,0.947112557,Delta (B.1.617.2-like),0.9231,0,scorpio call: Alt alleles 12; Ref alleles 0; Amb alleles 1; Oth alleles 0,v3.1.11,8/9/21
BXD1L5KD2,B.1.617.2,0,0.990413894,Delta (B.1.617.2-like),1,0,scorpio call: Alt alleles 13; Ref alleles 0; Amb alleles 0; Oth alleles 0,v3.1.11,8/9/21
BXCTF4WHS,AY.1,0,0.996637525,Delta (B.1.617.2-like) +K417N,1,0,scorpio call: Alt alleles 13; Ref alleles 0; Amb alleles 0; Oth alleles 0,v3.1.11,8/9/21
BX44ELAC3,B.1.617.2,0,0.99667501,Delta (B.1.617.2-like),1,0,scorpio call: Alt alleles 13; Ref alleles 0; Amb alleles 0; Oth alleles 0,v3.1.11,8/9/21
BX4CHN9QQ,P.1,0,0.997049707,Gamma (P.1-like),0.875,0,scorpio call: Alt alleles 14; Ref alleles 0; Amb alleles 0; Oth alleles 2,v3.1.11,8/9/21
BX9LS3GPE,B.1.617.2,0,0.991248169,Delta (B.1.617.2-like),1,0,scorpio call: Alt alleles 13; Ref alleles 0; Amb alleles 0; Oth alleles 0,v3.1.11,8/9/21
BX7A9E4WM,B.1.617.2,0,0.938456065,Delta (B.1.617.2-like),1,0,scorpio call: Alt alleles 13; Ref alleles 0; Amb alleles 0; Oth alleles 0,v3.1.11,8/9/21
BXJT4FNA2,AY.1,0,0.945583039,Delta (B.1.617.2-like) +K417N,1,0,scorpio call: Alt alleles 13; Ref alleles 0; Amb alleles 0; Oth alleles 0,v3.1.11,8/9/21
BXUH9AGTN,AY.1,0,0.996824922,Delta (B.1.617.2-like) +K417N,1,0,scorpio call: Alt alleles 13; Ref alleles 0; Amb alleles 0; Oth alleles 0,v3.1.11,8/9/21
BX3BRG118,B.1.617.2,0,0.996824922,Delta (B.1.617.2-like),1,0,scorpio call: Alt alleles 13; Ref alleles 0; Amb alleles 0; Oth alleles 0,v3.1.11,8/9/21
BX258N1BA,B.1.617.2,0,0.996824922,Delta (B.1.617.2-like),1,0,scorpio call: Alt alleles 13; Ref alleles 0; Amb alleles 0; Oth alleles 0,v3.1.11,8/9/21
BXWNBT5GG,AY.3,0,0.986680753,Delta (B.1.617.2-like),1,0,scorpio call: Alt alleles 13; Ref alleles 0; Amb alleles 0; Oth alleles 0,v3.1.11,8/9/21
BXP1MQJHJ,B.1.617.2,0,0.99667501,Delta (B.1.617.2-like),1,0,scorpio call: Alt alleles 13; Ref alleles 0; Amb alleles 0; Oth alleles 0,v3.1.11,8/9/21
BXPSVTFDW,B.1.617.2,0,0.993855837,Delta (B.1.617.2-like),1,0,scorpio call: Alt alleles 13; Ref alleles 0; Amb alleles 0; Oth alleles 0,v3.1.11,8/9/21
BXH78KGJQ,AY.1,0,0.985800604,Delta (B.1.617.2-like) +K417N,1,0,scorpio call: Alt alleles 13; Ref alleles 0; Amb alleles 0; Oth alleles 0,v3.1.11,8/9/21
BXEKKPAC3,AY.1,0,0.996862394,Delta (B.1.617.2-like) +K417N,1,0,scorpio call: Alt alleles 13; Ref alleles 0; Amb alleles 0; Oth alleles 0,v3.1.11,8/9/21
BXDVL8V8R,B.1.617.2,0,0.988093444,Delta (B.1.617.2-like),1,0,scorpio call: Alt alleles 13; Ref alleles 0; Amb alleles 0; Oth alleles 0,v3.1.11,8/9/21
BX3U5K854,AY.3,0,0.996637525,Delta (B.1.617.2-like),1,0,scorpio call: Alt alleles 13; Ref alleles 0; Amb alleles 0; Oth alleles 0,v3.1.11,8/9/21
BXVWA961H,B.1.617.2,0,0.995549239,Delta (B.1.617.2-like),1,0,scorpio call: Alt alleles 13; Ref alleles 0; Amb alleles 0; Oth alleles 0,v3.1.11,8/9/21
BXKDAEC97,B.1.617.2,0,0.996862394,Delta (B.1.617.2-like),1,0,scorpio call: Alt alleles 13; Ref alleles 0; Amb alleles 0; Oth alleles 0,v3.1.11,8/9/21
BXH7UVD4R,B.1.617.2,0,0.975235624,Delta (B.1.617.2-like),1,0,scorpio call: Alt alleles 13; Ref alleles 0; Amb alleles 0; Oth alleles 0,v3.1.11,8/9/21
BX3NJSQT5,AY.2,0,0.972962637,Delta (B.1.617.2-like) +K417N,1,0,scorpio call: Alt alleles 13; Ref alleles 0; Amb alleles 0; Oth alleles 0,v3.1.11,8/9/21
BXGFH1AS2,B.1.617.2,0,0.996749972,Delta (B.1.617.2-like),1,0,scorpio call: Alt alleles 13; Ref alleles 0; Amb alleles 0; Oth alleles 0,v3.1.11,8/9/21
BXEFL2N37,B.1.617.2,0,0.98790277,Delta (B.1.617.2-like),1,0,scorpio call: Alt alleles 13; Ref alleles 0; Amb alleles 0; Oth alleles 0,v3.1.11,8/9/21
BXV3UJ3DJ,B.1.617.2,0,0.991513331,Delta (B.1.617.2-like),1,0,scorpio call: Alt alleles 13; Ref alleles 0; Amb alleles 0; Oth alleles 0,v3.1.11,8/9/21
BXR9TCA83,B.1.617.2,0,0.99667501,Delta (B.1.617.2-like),1,0,scorpio call: Alt alleles 13; Ref alleles 0; Amb alleles 0; Oth alleles 0,v3.1.11,8/9/21
BXK25TSBM,B.1.617.2,0,0.996862394,Delta (B.1.617.2-like),1,0,scorpio call: Alt alleles 13; Ref alleles 0; Amb alleles 0; Oth alleles 0,v3.1.11,8/9/21
BXKW8L2F4,B.1.617.2,0,0.99667501,Delta (B.1.617.2-like),1,0,scorpio call: Alt alleles 13; Ref alleles 0; Amb alleles 0; Oth alleles 0,v3.1.11,8/9/21
BX9SPB94Q,P.1,0,0.999366593,Gamma (P.1-like),0.875,0,scorpio call: Alt alleles 14; Ref alleles 0; Amb alleles 0; Oth alleles 2,v3.1.11,8/9/21
BXHDLAAHR,B.1.617.2,0,0.996637525,Delta (B.1.617.2-like),1,0,scorpio call: Alt alleles 13; Ref alleles 0; Amb alleles 0; Oth alleles 0,v3.1.11,8/9/21
BXV3QNN29,AY.1,0,0.996824922,Delta (B.1.617.2-like) +K417N,1,0,scorpio call: Alt alleles 13; Ref alleles 0; Amb alleles 0; Oth alleles 0,v3.1.11,8/9/21
BXHFKMCWM,AY.1,0,0.996824922,Delta (B.1.617.2-like) +K417N,1,0,scorpio call: Alt alleles 13; Ref alleles 0; Amb alleles 0; Oth alleles 0,v3.1.11,8/9/21
BXK7W6S9Q,B.1.617.2,0,0.9915512,Delta (B.1.617.2-like),1,0,scorpio call: Alt alleles 13; Ref alleles 0; Amb alleles 0; Oth alleles 0,v3.1.11,8/9/21
BXW6KDQ4A,AY.1,0,0.985762302,Delta (B.1.617.2-like) +K417N,1,0,scorpio call: Alt alleles 13; Ref alleles 0; Amb alleles 0; Oth alleles 0,v3.1.11,8/9/21
BXS4MHJ1N,B.1.617.2,0,0.996787449,Delta (B.1.617.2-like),1,0,scorpio call: Alt alleles 13; Ref alleles 0; Amb alleles 0; Oth alleles 0,v3.1.11,8/9/21
BXTVA67D2,AY.1,0,0.976797348,Delta (B.1.617.2-like) +K417N,1,0,scorpio call: Alt alleles 13; Ref alleles 0; Amb alleles 0; Oth alleles 0,v3.1.11,8/9/21
BXQSKRKV6,P.1,0,0.954368478,Gamma (P.1-like),0.875,0,scorpio call: Alt alleles 14; Ref alleles 0; Amb alleles 0; Oth alleles 2,v3.1.11,8/9/21
BXURCNUJC,B.1.617.2,0,0.996862394,Delta (B.1.617.2-like),1,0,scorpio call: Alt alleles 13; Ref alleles 0; Amb alleles 0; Oth alleles 0,v3.1.11,8/9/21
BX43HEC3T,AY.1,0,0.996637525,Delta (B.1.617.2-like) +K417N,1,0,scorpio call: Alt alleles 13; Ref alleles 0; Amb alleles 0; Oth alleles 0,v3.1.11,8/9/21
BX18S7GJF,B.1.617.2,0,0.67541307,Delta (B.1.617.2-like),0.6923,0,scorpio call: Alt alleles 9; Ref alleles 0; Amb alleles 4; Oth alleles 0,v3.1.11,8/9/21
BXJUUHA71,B.1.617.2,0,0.993855837,Delta (B.1.617.2-like),1,0,scorpio call: Alt alleles 13; Ref alleles 0; Amb alleles 0; Oth alleles 0,v3.1.11,8/9/21
BXN97QQ3S,B.1.617.2,0,0.996862394,Delta (B.1.617.2-like),1,0,scorpio call: Alt alleles 13; Ref alleles 0; Amb alleles 0; Oth alleles 0,v3.1.11,8/9/21
BXH1SL1M4,AY.1,0,0.996862394,Delta (B.1.617.2-like) +K417N,1,0,scorpio call: Alt alleles 13; Ref alleles 0; Amb alleles 0; Oth alleles 0,v3.1.11,8/9/21
BXE49NTMS,B.1.617.2,0,0.920578778,Delta (B.1.617.2-like),1,0,scorpio call: Alt alleles 13; Ref alleles 0; Amb alleles 0; Oth alleles 0,v3.1.11,8/9/21
BXLQ3ANAD,B.1.617.2,0,0.971270972,Delta (B.1.617.2-like),1,0,scorpio call: Alt alleles 13; Ref alleles 0; Amb alleles 0; Oth alleles 0,v3.1.11,8/9/21
BXJ6L1V6G,P.1,0,0.987521206,Gamma (P.1-like),0.875,0,scorpio call: Alt alleles 14; Ref alleles 0; Amb alleles 0; Oth alleles 2,v3.1.11,8/9/21
BXQV6GWFH,B.1.617.2,0,0.993818141,Delta (B.1.617.2-like),1,0,scorpio call: Alt alleles 13; Ref alleles 0; Amb alleles 0; Oth alleles 0,v3.1.11,8/9/21
BXDSGM3JS,B.1.617.2,0,0.968386279,Delta (B.1.617.2-like),1,0,scorpio call: Alt alleles 13; Ref alleles 0; Amb alleles 0; Oth alleles 0,v3.1.11,8/9/21
BXJQRM67K,B.1.617.2,0,0.996187486,Delta (B.1.617.2-like),1,0,scorpio call: Alt alleles 13; Ref alleles 0; Amb alleles 0; Oth alleles 0,v3.1.11,8/9/21
BX8GFAFVG,B.1.617.2,0,0.954897459,Delta (B.1.617.2-like),1,0,scorpio call: Alt alleles 13; Ref alleles 0; Amb alleles 0; Oth alleles 0,v3.1.11,8/9/21
BX4J223SQ,AY.12,0,0.996824922,Delta (B.1.617.2-like),1,0,scorpio call: Alt alleles 13; Ref alleles 0; Amb alleles 0; Oth alleles 0,v3.1.11,8/9/21
BXR47VRDE,B.1.617.2,0,0.996862394,Delta (B.1.617.2-like),1,0,scorpio call: Alt alleles 13; Ref alleles 0; Amb alleles 0; Oth alleles 0,v3.1.11,8/9/21
BX6LC5PM3,B.1.617.2,0,0.996149964,Delta (B.1.617.2-like),1,0,scorpio call: Alt alleles 13; Ref alleles 0; Amb alleles 0; Oth alleles 0,v3.1.11,8/9/21
BXVAWCCD8,B.1.617.2,0,0.996862394,Delta (B.1.617.2-like),1,0,scorpio call: Alt alleles 13; Ref alleles 0; Amb alleles 0; Oth alleles 0,v3.1.11,8/9/21